username,followers,following,tier,relevance_text_score,relevance_score,audience_intent_score,content_depth_score,engagement_quality_score,topic_signal_score,final_score,weight_relevance,weight_audience_intent,weight_engagement_quality,weight_content_depth,text_confidence,comment_confidence,post_confidence,confidence_score,confidence_grade,needs_review,review_reason,relevance_reason,audience_intent_reason,content_depth_reason,why_selected,sample_caption,sample_comment_1,sample_comment_2,post_count,comment_count,median_engagement_rate
anxietyjosh,244524,2034,mid,0.9,0.9042,0.8,0.8,0.211,0.9167,0.7187,0.35,0.3,0.2,0.15,0.9098,1.0,0.85,0.9294,high,False,,Bio and posts are primarily mental-health focused with a clear emphasis on anxiety and OCD.,"Comments show help-seeking, emotional sharing, and trust, indicating a strong mental-health focus in the audience.","Posts provide specific insights into the experience and management of anxiety, although some are more generic or motivational in nature.","Relevance 0.90, audience intent 0.80, content depth 0.80, engagement quality 0.21. Median engagement rate 0.34% across 17 posts. Confidence high (0.93).",Most anxiety advice online.,@anxietyjosh my 10 yr old daughter is showing signs of anxiety (big what-if thinker). Do you have any tips on how to balance the 'do it anyway ' approach with not causing her to feel she isnt supported or burning her out.,What if there is a real threat? Anxiety is a survival reaction isn’t it? Isn’t it a shock response? I’m in high anxiety due to redundancy as a single income household. I am in danger,17,40,0.003378
mentalhealthmatch,32172,2570,micro,0.9,0.925,0.7,0.8,0.0051,1.0,0.6548,0.35,0.3,0.2,0.15,0.91,1.0,0.95,0.9495,high,False,,"The account focuses on mental health by providing therapy resources, mental wellbeing tips, and related content in most posts.","Comments show engagement and appreciation, but there are fewer instances of help-seeking or emotional sharing compared to the other criteria.","The captions are specific and offer insights into mental health topics, although some posts contain more generic advice or promote community events.","Relevance 0.93, audience intent 0.70, content depth 0.80, engagement quality 0.01. Median engagement rate 0.04% across 19 posts. Confidence high (0.95).","Is your inner voice a meanie?⁠
⁠
Let’s talk about that voice in your head that thinks it’s the boss — and how to stop letting it run the whole damn show.⁠
⁠",👏👏👏👏,Hmmmm something’s missing here #community,19,37,0.000435
therapynotebooks,66956,353,mid,0.9,0.8583,0.6,0.7,0.1935,0.7333,0.6241,0.35,0.3,0.2,0.15,0.985,1.0,0.95,0.9832,high,False,,"The account focuses on mental health tools and CBT, which are mental-health related.","Comments show interest, need, and gratitude towards the products, but not explicitly expressing help-seeking or emotional sharing towards the account itself.","While the captions are specific to their products, they do provide some context and explanation about CBT and its techniques.","Relevance 0.86, audience intent 0.60, content depth 0.70, engagement quality 0.19. Median engagement rate 0.18% across 19 posts. Confidence high (0.98).","Summer is a busy time with the potential for routine disruptions and changes. It's common for these transition moments to feel more difficult, but when we're having trouble getting back into the swing of things, it's understandable to feel frustrated. Doing an entry in The Anti-Anxiety Notebook can help you take a step back and understand what's go",I truly need this as I’m about to come back from working in a hot place back to uk and i sense the lower moods coming,I’m confused as to whether cbt ir dbt is more effective...,19,40,0.001807
talkspace,150195,519,mid,0.9,0.8063,0.7,0.8,0.0002,0.525,0.6122,0.35,0.3,0.2,0.15,1.0,1.0,0.8,0.96,high,False,,Instagram account focuses on mental health through the promotion of therapy and mental health care services.,"Comments show engagement and emotional sharing, but not explicitly seeking help or expressing trust in the influencer.","Captions provide specific examples and insights from therapy, but could go further in-depth and originality.","Relevance 0.81, audience intent 0.70, content depth 0.80, engagement quality 0.00. Median engagement rate 0.00% across 16 posts. Confidence high (0.96).","“Remembering that we’re a team, you know, we’re not one against the other. One isn’t right and one isn’t wrong, it’s ‘we are one’.”

Yenori and Adam don’t believe in divorce. They believe it’s important to know how to work together at all times, which isn’t always easy when parenting three children. Therapy has helped them learn when and how to com",Mindfulness tools can truly help shift perspective and ease anxiety. Small practices make a big difference.,I love hearing the personal stories. Keep going Queen ❤️,16,40,2e-05
betterhelp,616644,324,macro,0.9,0.9104,0.6,0.7,0.0091,0.9417,0.6055,0.35,0.3,0.2,0.15,0.94,1.0,0.65,0.903,high,False,,The account is mostly about mental health with a focus on therapy and support.,"Comments show some emotional sharing and trust, but not strongly indicative of help-seeking behavior.","While the captions are specific to mental health, they are not consistently insightful or original, often promoting the service or specific episodes.","Relevance 0.91, audience intent 0.60, content depth 0.70, engagement quality 0.01. Median engagement rate 0.08% across 13 posts. Confidence high (0.90).","The end of another year is almost here... and sometimes it comes with a year's worth of heaviness. 

But here's the thing: you don't have to carry it all alone. And you certainly don't need a ""new you."" 

Match with a therapist who can provide relief and support—and help you feel lighter today and all throughout 2026. ✨",@overgenpoverty thank you for be so real and transparent . 👏 literally going to listen to this NOW!,I still carry guilt from my divorce not fair to the kids,13,40,0.000782
mindcharity,565697,277,macro,0.9,0.8729,0.6,0.7,0.0092,0.7917,0.5924,0.35,0.3,0.2,0.15,1.0,1.0,0.75,0.95,high,False,,"Bio and captions show clear focus on mental health, but also promote events and external links.","Comments show support and engagement, but not explicitly seeking help or sharing emotional experiences.","Captions contain specific and original content, but also include generic phrases like 'you deserve it'.","Relevance 0.87, audience intent 0.60, content depth 0.70, engagement quality 0.01. Median engagement rate 0.08% across 15 posts. Confidence high (0.95).",We sat down with @miquitaoliver for International Women’s Day.,❤️❤️❤️❤️❤️,How is it that someone can be so confused with looking for general mental health support and be manipulated by so many people just wanting to make money from someone’s suffering. Thank goodness for coming across this page. Thank you Lucas and thank you to you,15,40,0.000787
mentalhealthamerica,296019,818,mid,0.9,0.7375,0.7,0.6,0.1435,0.25,0.5868,0.35,0.3,0.2,0.15,0.8652,1.0,1.0,0.9393,high,False,,"The account is mostly mental-health focused, but also includes some content about prevention and support which is not primary mental-health content.","The comments show help-seeking, emotional sharing, and trust, but not as strongly as some other accounts.","The captions are generally specific and original, but sometimes lack depth and insight.","Relevance 0.74, audience intent 0.70, content depth 0.60, engagement quality 0.14. Median engagement rate 0.17% across 20 posts. Confidence high (0.94).",This feeling is temporary. You can get through this. 🩵,"Your worth isn't measured by what you produce, it’s found in who you are when you’re simply being.",Honestly I'm struggling and finding anything to like about myself during the lows is very hard.,20,40,0.001691
theanxietyhealer,639241,2657,macro,0.8,0.85,0.6,0.7,0.0004,1.0,0.5826,0.35,0.3,0.2,0.15,1.0,1.0,1.0,1.0,high,False,,"Instagram account focuses on issues relevant to women over 40, often related to mental health, but not exclusively mental health","Comments show emotional sharing and trust, but less help-seeking compared to highly curated mental health accounts","Posts provide specific insights and personal experiences, but sometimes lack depth and novelty","Relevance 0.85, audience intent 0.60, content depth 0.70, engagement quality 0.00. Median engagement rate 0.00% across 20 posts. Confidence high (1.00).","Here’s what most people don’t realize: the way you feel in the first 30 minutes of your morning sets the entire tone for your nervous system for the rest of the day.

Not just your mood. Your cortisol levels. Your ability to handle stress. Your anxiety baseline.

After 40, our hormones are already shifting — estrogen drops, cortisol becomes harder ",Yup this is me. But it’s grief about being childless single woman. I feel like I’m dying. I’ve convinced myself I’m dying.,the part about a different timeline not meaning a lesser life genuinely made me tear up. it takes so much courage to say these things out loud and i think a lot of women needed to hear this today,20,40,3.3e-05
therapyforwomen,464698,988,mid,0.8,0.8188,0.6,0.7,0.0063,0.875,0.5728,0.35,0.3,0.2,0.15,1.0,1.0,0.65,0.93,high,False,,"The account is primarily about therapy and mental health, but also includes content about other topics such as baked goods and Disney world.","The comments show some help-seeking and emotional sharing, but also include general supportive comments and off-topic discussions.","The captions often provide specific and insightful information, but sometimes include generic content such as jokes and challenges.","Relevance 0.82, audience intent 0.60, content depth 0.70, engagement quality 0.01. Median engagement rate 0.05% across 13 posts. Confidence high (0.93).","The incredible @nedratawwab is on the Nuance Needed podcast today!

This is a jam packed episode filled with incredible insight…
- why she wrote her new book, The Balancing Act
- her tips for hard conversations 
- the overuse of word codependency 
- the myth that we only need one person 
- and SO much more! 

Listen to podcast and be sure to check ",This was a theme yesterday in all of my sessions. I love when I find content to back up the discussions in real time!!,I am 7 months sober today. Informative videos like this keep me going ✨🩷,13,40,0.00054
sitwithwhit,566211,594,macro,0.9,0.7542,0.6,0.7,0.0181,0.3167,0.5526,0.35,0.3,0.2,0.15,0.95,1.0,1.0,0.9775,high,False,,"Bio and captions clearly indicate mental health as a focus, specifically addressing family dysfunction and healing.","Comments show engagement and appreciation, but not as much help-seeking or emotional sharing as desired.","Captions show some depth with specific topics and resources, but can be more insightful and original.","Relevance 0.75, audience intent 0.60, content depth 0.70, engagement quality 0.02. Median engagement rate 0.16% across 20 posts. Confidence high (0.98).","If we haven't met, I'm Whitney! I created @callinghome.co because family dysfunction is exhausting & you deserve support. Calling Home helps you build a better family. Join The Family Cyclebreakers Club® & listen to @thecallinghomepodcast. Comment MEMBER to join us.

PS. I am on maternity leave until June 1 and I'm not on here much. All posts have ",What are you supposed to do in these instances?,This is something I’m still unlearning in real time.,20,40,0.001552
therapyjeff,1522050,1254,major,0.8,0.7042,0.5,0.6,0.3129,0.4167,0.549,0.35,0.3,0.2,0.15,0.8682,1.0,0.95,0.9307,high,False,,"Uses #mentalhealth and #therapy frequently, but also promotes books, podcasts, and relationship tips.","Audience shares personal experiences and emotions, but also includes unrelated comments and compliments.","Provides some insightful comments, but also includes generic advice and promotes personal content.","Relevance 0.70, audience intent 0.50, content depth 0.60, engagement quality 0.31. Median engagement rate 1.30% across 19 posts. Confidence high (0.93).","The president of the United States got on social media this morning and said a whole civilization will die tonight. 

#mentalhealth #therapy","The irony of you wearing a band tee of a band whose members committed sexual assault on live tv for the whole world to see, whose lead singer admits to raping a girl in his book… that was on purpose, right?  A subtle, *intentional* joke about how we all just forget the bad stuff,",As a Lebanese American I’ve been crying all morning,19,40,0.012979
mindfulmft,726666,405,macro,0.8,0.725,0.6,0.7,0.0134,0.5,0.5414,0.35,0.3,0.2,0.15,1.0,1.0,0.75,0.95,high,False,,"Account focuses on relationships and personal growth, with some content touching on mental health topics.","Comments show some emotional sharing and trust, but not overwhelmingly so.","Posts offer specific insights and reflections, but not consistently original or groundbreaking.","Relevance 0.73, audience intent 0.60, content depth 0.70, engagement quality 0.01. Median engagement rate 0.11% across 15 posts. Confidence high (0.95).","Don’t miss out on my Overcoming Loneliness community experience during the month of May in honor of Mental Health Awareness Month. I have an incredible line up of experts who are going to tackle the topics of loneliness with self, with dating/relationships, with friends, and with family. The month long experience is only $47 and I hope you can join",Im lost in needed help ❤️,Expressing what we want is the best way of helping ourselves to actually get it 👏 our partners aren’t supposed to be mind readers!,15,40,0.001149
yourdiagnonsense,555994,2011,macro,0.8,0.6625,0.6,0.7,0.045,0.25,0.5259,0.35,0.3,0.2,0.15,1.0,1.0,1.0,1.0,high,False,,Posts are primarily related to relationships and sex which are aspects of mental health.,Comments show some emotional engagement and agreement but lack personal sharing or help-seeking behavior.,Posts provide some specific insights and personal opinions but lack academic or evidence-based information.,"Relevance 0.66, audience intent 0.60, content depth 0.70, engagement quality 0.05. Median engagement rate 0.39% across 20 posts. Confidence high (1.00).","Most people have a lot they want to share with their partner. That they don’t. Things they’ve been holding in sometimes for a very long time. But they’re totally freaked out. Hopeless. Avoidant. And more versions of anxiety.

So if your partner actually gets the courage to have that conversation with you, or any real conversation, that’s a big deal","I want to just come up and hug you, while you swing your legs and teach me more 🙌❤️",@yourdiagnonsense should a partner need to ask for kindness? Is this not baseline?,20,40,0.003859
the.holistic.psychologist,9071586,1764,major,0.8,0.8042,0.4,0.6,0.0221,0.8167,0.4959,0.35,0.3,0.2,0.15,0.98,1.0,0.85,0.961,high,False,,"The account is not exclusively about mental health, but it does touch upon it frequently.","Comments show a mix of engagement, support, and some personal sharing, but not explicitly help-seeking or emotional sharing related to mental health.","While the captions are specific to certain experiences and contain some original insights, they are often promotional for the account owner's book and services.","Relevance 0.80, audience intent 0.40, content depth 0.60, engagement quality 0.02. Median engagement rate 0.19% across 17 posts. Confidence high (0.96).","📕 I’M GIVING AWAY 3 SIGNED COPIES OF MY NEW BOOK “REPARENTING THE INNER CHILD”

👉🏻TO ENTER: 
1. Leave a comment and tell me where you’re from 
2. Share this post in your stories 

3 winner will be chosen tomorrow. You’ll be contacted by me directly through DM. Do not give your credit card info to anyone claiming to be on my team.

Good luck!!

PS- ","Johannesburg , South Africa . 💕",I get sick after seeing my mother-in-law. Every time. Like clockwork. She is very cruel to me.,17,40,0.001896
selfcareisforeveryone,1029791,1297,macro,0.7,0.6917,0.5,0.6,0.0002,0.6667,0.4821,0.35,0.3,0.2,0.15,0.9828,1.0,1.0,0.9922,high,False,,"Instagram account focuses on self-care and mental health, but also promotes products and collaborations.","Comments show engagement and appreciation, but not explicitly expressing help-seeking or emotional sharing.","Captions provide specific examples of self-care and mental health, but also include generic phrases and promotional content.","Relevance 0.69, audience intent 0.50, content depth 0.60, engagement quality 0.00. Median engagement rate 0.00% across 20 posts. Confidence high (0.99).","you rested.
you protected your energy.
you said no.
you listened to your body.
you gave yourself a moment to breathe.

and that counts 🩵

rest isn’t wasted time.
it’s how you keep going.",funny how 'i did nothing' is the one thing most people actually can't do. sitting still without reaching for your phone takes more discipline than most workouts.,Needed this today,20,40,2e-05
headspace,1416127,857,macro,0.8,0.6625,0.5,0.6,0.0031,0.25,0.4725,0.35,0.3,0.2,0.15,0.88,1.0,1.0,0.946,high,False,,"The account is related to mental health, specifically focusing on sleep and stress, but it also promotes products and experiences.","Comments show some emotional sharing and trust, but not as strongly as desired for a mental health-focused account.","While the captions are somewhat specific and original, they still have a promotional aspect and lack deep exploration of mental health topics.","Relevance 0.66, audience intent 0.50, content depth 0.60, engagement quality 0.00. Median engagement rate 0.03% across 20 posts. Confidence high (0.95).","Picture it: You’re on vacation. Soft, fluffy sheets in a room not your own, waking up to streaming sunlight or singing birds. No alarm set, phone on DND. You’re well-rested and ready to explore or unwind somewhere new. 

That’s the kind of sleep we’re celebrating this Sleep Week. 

We want to hear about it: Where in the world did you sleep like *th",I had no job. Last time I slept well . Last night 🌙 ❤️❤️,"Rest feels different when your mind finally lets go, not just your body.",20,40,0.000267
thegoodquote,23314102,17,major,0.7,0.65,0.5,0.6,0.0024,0.5,0.468,0.35,0.3,0.2,0.15,0.8916,1.0,0.55,0.8612,high,False,,Instagram account has some mental health related content but it's not the primary focus.,Comments show some emotional sharing and trust but not strongly focused on help-seeking.,"Captions are generally insightful but not always specific or original, some are quotes from other accounts.","Relevance 0.65, audience intent 0.50, content depth 0.60, engagement quality 0.00. Median engagement rate 0.02% across 11 posts. Confidence high (0.86).","The importance of enforcing you boundaries 
@earthtoroxanne sits down with @jayshetty 🌻
Full video on YouTube",This feel personal 🤍,#पुकार किस गुनाह की सजा काट रहे थे हम,11,40,0.000208
calm,3704821,28,major,0.7,0.6396,0.5,0.6,0.0033,0.4583,0.4645,0.35,0.3,0.2,0.15,0.7104,1.0,1.0,0.8697,high,False,,"Instagram account focuses on relaxation and mental well-being, but also incorporates non-mental health content like nature appreciation and self-care activities.","Comments show general support and agreement, but do not explicitly express help-seeking, emotional sharing, or trust.","Captions provide some insight into mental health, such as the importance of self-talk and reducing screen time, but also include generic phrases like 'touch some grass' and 'feel alive'.","Relevance 0.64, audience intent 0.50, content depth 0.60, engagement quality 0.00. Median engagement rate 0.03% across 20 posts. Confidence high (0.87).","“I needed this,” and it’s literally just laying on the grass instead of looking at a screen.",Rad🧡,I needed this.,20,40,0.000281
nedratawwab,1831620,244,major,0.6,0.5229,0.4,0.5,0.012,0.2917,0.3804,0.35,0.3,0.2,0.15,0.9075,1.0,0.6,0.8784,high,False,,"Bio and some captions are related to mental health, but not exclusively focused on it.","Comments show some engagement, but not strongly indicative of help-seeking or emotional sharing.","Captions are generally specific and original, but not always insightful or deeply related to mental health.","Relevance 0.52, audience intent 0.40, content depth 0.50, engagement quality 0.01. Median engagement rate 0.10% across 12 posts. Confidence high (0.88).",Listen to my char with @michellemaros about her book Dear Friend.,Love ❤️ my mom reads the reminders too and it helps 😍,The truth!,12,40,0.001029
thementalhealthspot,678,1992,nano,0.8,0.4888,0.5,0.5,0.0,0.125,0.3561,0.3425,0.245,0.28,0.1325,0.25,0.0,0.0,0.1125,low,False,,"Bio indicates mental health focus, but no further evidence in captions or comments.",No comments available for evaluation.,No captions available for evaluation.,"Relevance 0.49, audience intent 0.50, content depth 0.50, engagement quality 0.00. Median engagement rate 0.00% across 0 posts. Confidence low (0.11).",,,,0,0,0.0
therapyinsider,28,6,nano,0.8,0.4888,0.5,0.5,0.0,0.125,0.3561,0.3425,0.245,0.28,0.1325,0.25,0.0,0.0,0.1125,low,False,,"Bio indicates mental health focus, but no sample captions provided for evaluation.",No sample comments provided for evaluation.,No sample captions provided for evaluation.,"Relevance 0.49, audience intent 0.50, content depth 0.50, engagement quality 0.00. Median engagement rate 0.00% across 0 posts. Confidence low (0.11).",,,,0,0,0.0
anxietysupportdaily,0,0,nano,0.7,0.4487,0.5,0.5,0.0,0.125,0.3359,0.3237,0.2675,0.295,0.1138,0.175,0.0,0.0,0.0788,low,False,,"Bio mentions living with anxiety and daily support, which is relevant to mental health.","No comments provided, so can't evaluate audience intent.","No captions provided, so can't evaluate depth.","Relevance 0.45, audience intent 0.50, content depth 0.50, engagement quality 0.00. Median engagement rate 0.00% across 0 posts. Confidence low (0.08).",,,,0,0,0.0
talkyourfeelings,23,28,nano,0.8,0.445,0.5,0.0,0.0,0.0,0.2749,0.3425,0.245,0.28,0.1325,0.25,0.0,0.0,0.1125,low,False,,Bio indicates a willingness to help with personal problems.,Comments section not available or populated.,No captions provided for analysis.,"Relevance 0.45, audience intent 0.50, content depth 0.00, engagement quality 0.00. Median engagement rate 0.00% across 0 posts. Confidence low (0.11).",,,,0,0,0.0
yung_pueblo,3375291,1777,major,0.5,0.4062,0.3,0.2,0.0298,0.125,0.2681,0.35,0.3,0.2,0.15,0.8799,1.0,0.95,0.9359,high,False,,"Instagram account is not explicitly focused on mental health, but has some content that touches on relationships and personal growth.","Comments are mostly emojis, with a few generic compliments and agreement statements, indicating a low level of help-seeking or emotional sharing.","Captions are generally short and focused on promoting the user's content, with limited insight or originality.","Relevance 0.41, audience intent 0.30, content depth 0.20, engagement quality 0.03. Median engagement rate 0.26% across 19 posts. Confidence high (0.94).",Leave a 💙 if you agree,💙,👏👏👏,19,40,0.002551
mytherapistsays,8246154,261,major,0.2,0.1813,0.2,0.2,0.0003,0.125,0.1535,0.35,0.3,0.2,0.15,0.6626,1.0,1.0,0.8482,high,False,,Bio and captions show no clear focus on mental health.,Comments are mostly lighthearted and do not show help-seeking or emotional sharing.,Captions are mostly generic and not specific or insightful.,"Relevance 0.18, audience intent 0.20, content depth 0.20, engagement quality 0.00. Median engagement rate 0.00% across 20 posts. Confidence high (0.85).",I OBJECT 🗣️🗣️ @mybestiesays,😂😂😂😂😂😂😂😂😂,Yall know she's a zionist right ?,20,40,2.2e-05
dearmentalhealth,0,0,nano,0.8,0.4075,0.0,0.0,0.0,0.25,0.1396,0.3425,0.245,0.28,0.1325,0.25,0.0,0.0,0.1125,low,False,,Bio indicates mental health focus,No comments provided for analysis,No captions provided for analysis,"Relevance 0.41, audience intent 0.00, content depth 0.00, engagement quality 0.00. Median engagement rate 0.00% across 0 posts. Confidence low (0.11).",,,,0,0,0.0
tinybuddhaofficial,1687160,369,major,0.1,0.075,0.2,0.2,0.0762,0.0,0.1315,0.35,0.3,0.2,0.15,0.6975,0.4,0.1,0.4739,medium,False,,"Bio and posts are not mental-health primary, focus is on promoting products.",Comments show support but not help-seeking or emotional sharing.,Captions are generic and not mental-health specific.,"Relevance 0.08, audience intent 0.20, content depth 0.20, engagement quality 0.08. Median engagement rate 0.32% across 2 posts. Confidence medium (0.47).","Hi friends! Lori here. I'm excited to share that I've just launched five new shirts, based on some of the site's most popular memes, just in time for the holidays. That means you can now grab a tee, v-neck, tank, hoodie, or sweatshirt with one of nine designs, in multiple colors and sizes - and iPhone cases too! Get yours here: tinybuddha.com/store",👏👏👏👏,Love your posts ❤❤❤,2,8,0.003203
anxiety_wellness,44,16,nano,0.5,0.2875,0.0,0.0,0.0,0.25,0.0985,0.3425,0.245,0.28,0.1325,0.25,0.0,0.0,0.1125,low,False,,"Bio is somewhat relevant to mental health, but not exclusively focused on it.","No comment samples provided, so audience intent cannot be evaluated.","No caption samples provided, so content depth cannot be evaluated.","Relevance 0.29, audience intent 0.00, content depth 0.00, engagement quality 0.00. Median engagement rate 0.00% across 0 posts. Confidence low (0.11).",,,,0,0,0.0
drjuliesmith,1241,2,nano,0.6,0.24,0.0,0.0,0.0,0.0,0.0822,0.3425,0.245,0.28,0.1325,0.25,0.0,0.0,0.1125,low,False,,"The account is managed by a mental health author, but the bio and captions do not explicitly mention mental health.",No comments were provided for analysis.,No captions were provided for analysis.,"Relevance 0.24, audience intent 0.00, content depth 0.00, engagement quality 0.00. Median engagement rate 0.00% across 0 posts. Confidence low (0.11).",,,,0,0,0.0
livewellmindfully,106,88,nano,0.5,0.2438,0.0,0.0,0.0,0.125,0.0815,0.3344,0.2548,0.2865,0.1244,0.2175,0.0,0.0,0.0979,low,False,,Bio mentions mindfulness but does not explicitly state mental health focus,No comments provided for analysis,No captions provided for analysis,"Relevance 0.24, audience intent 0.00, content depth 0.00, engagement quality 0.00. Median engagement rate 0.00% across 0 posts. Confidence low (0.10).",,,,0,0,0.0
mentalhealthawarness,1,3,nano,0.5,0.2438,0.0,0.0,0.0,0.125,0.0718,0.2944,0.3028,0.3185,0.0844,0.0575,0.0,0.0,0.0259,low,False,,"Account has 'Mental Health Awareness' in the bio, but no explicit mention of lived experience, therapy, or evidence-based education.","No comment samples provided, so audience intent cannot be evaluated.","No caption samples provided, so content depth cannot be evaluated.","Relevance 0.24, audience intent 0.00, content depth 0.00, engagement quality 0.00. Median engagement rate 0.00% across 0 posts. Confidence low (0.03).",,,,0,0,0.0
mindsettherapy,17,0,nano,0.5,0.2438,0.0,0.0,0.0,0.125,0.0705,0.2894,0.3088,0.3225,0.0794,0.0375,0.0,0.0,0.0169,low,False,,No clear mental health focus in bio.,No comments provided for evaluation.,No captions provided for evaluation.,"Relevance 0.24, audience intent 0.00, content depth 0.00, engagement quality 0.00. Median engagement rate 0.00% across 0 posts. Confidence low (0.02).",,,,0,0,0.0
theocdproject,106,15,nano,0.5,0.2438,0.0,0.0,0.0,0.125,0.0705,0.2894,0.3088,0.3225,0.0794,0.0375,0.0,0.0,0.0169,low,False,,Mental health related but not exclusively focused on it,No comments provided for evaluation,No captions provided for evaluation,"Relevance 0.24, audience intent 0.00, content depth 0.00, engagement quality 0.00. Median engagement rate 0.00% across 0 posts. Confidence low (0.02).",,,,0,0,0.0
projectsemicolon,1372,2,nano,0.5,0.2,0.0,0.0,0.0,0.0,0.0685,0.3425,0.245,0.28,0.1325,0.25,0.0,0.0,0.1125,low,False,,"The account's bio and captions show some connection to mental health, but it's unclear if the focus is primary.",No comments were provided for analysis.,No captions were provided for analysis.,"Relevance 0.20, audience intent 0.00, content depth 0.00, engagement quality 0.00. Median engagement rate 0.00% across 0 posts. Confidence low (0.11).",,,,0,0,0.0
mindmattersdaily,47,99,nano,0.5,0.2,0.0,0.0,0.0,0.0,0.0589,0.2944,0.3028,0.3185,0.0844,0.0575,0.0,0.0,0.0259,low,False,,Bio includes 'Psychology' but also 'Motivation' which is not mental-health primary,No comments provided for evaluation,No captions provided for evaluation,"Relevance 0.20, audience intent 0.00, content depth 0.00, engagement quality 0.00. Median engagement rate 0.00% across 0 posts. Confidence low (0.03).",,,,0,0,0.0
psychologytoday,2413,8,nano,0.3,0.12,0.0,0.0,0.0,0.0,0.0359,0.2994,0.2968,0.3145,0.0894,0.0775,0.0,0.0,0.0349,low,False,,Lacking clear mental health focus in bio and captions,No comments provided for evaluation,No captions provided for evaluation,"Relevance 0.12, audience intent 0.00, content depth 0.00, engagement quality 0.00. Median engagement rate 0.00% across 0 posts. Confidence low (0.03).",,,,0,0,0.0
drleaf,67,73,nano,0.3,0.12,0.0,0.0,0.0,0.0,0.0352,0.2937,0.3035,0.319,0.0837,0.055,0.0,0.0,0.0248,low,False,,vague bio connection to mental health,no comments provided,no captions provided,"Relevance 0.12, audience intent 0.00, content depth 0.00, engagement quality 0.00. Median engagement rate 0.00% across 0 posts. Confidence low (0.02).",,,,0,0,0.0
emotionalwellnessco,90,62,nano,0.2,0.08,0.0,0.0,0.0,0.0,0.0274,0.3425,0.245,0.28,0.1325,0.25,0.0,0.0,0.1125,low,False,,Generic motivation-focused bio,No comments provided for evaluation,No captions provided for evaluation,"Relevance 0.08, audience intent 0.00, content depth 0.00, engagement quality 0.00. Median engagement rate 0.00% across 0 posts. Confidence low (0.11).",,,,0,0,0.0
mindful__living,8,4,nano,0.2,0.08,0.0,0.0,0.0,0.0,0.0237,0.2963,0.3005,0.317,0.0862,0.065,0.0,0.0,0.0293,low,False,,No mention of mental health in bio or captions.,No comments provided for evaluation.,No captions provided for evaluation.,"Relevance 0.08, audience intent 0.00, content depth 0.00, engagement quality 0.00. Median engagement rate 0.00% across 0 posts. Confidence low (0.03).",,,,0,0,0.0
kwikbrain,44,1,nano,0.1,0.04,0.0,0.0,0.0,0.0,0.0115,0.2863,0.3125,0.325,0.0762,0.025,0.0,0.0,0.0113,low,False,,"Bio and captions show generic motivation and personal development, not primarily mental health focused.",No comments provided for analysis.,No captions provided for analysis.,"Relevance 0.04, audience intent 0.00, content depth 0.00, engagement quality 0.00. Median engagement rate 0.00% across 0 posts. Confidence low (0.01).",,,,0,0,0.0
212930419,0,0,nano,0.0,0.0,0.0,0.0,0.0,0.0,0.0,0.28,0.32,0.33,0.07,0.0,0.0,0.0,0.0,low,False,,heuristic fallback based on bio/caption topical language,heuristic fallback from comment help-seeking language,heuristic fallback based on caption specificity and length,"Relevance 0.00, audience intent 0.00, content depth 0.00, engagement quality 0.00. Median engagement rate 0.00% across 0 posts. Confidence low (0.00).",,,,0,0,0.0
316641247474898,0,0,nano,0.0,0.0,0.0,0.0,0.0,0.0,0.0,0.28,0.32,0.33,0.07,0.0,0.0,0.0,0.0,low,False,,heuristic fallback based on bio/caption topical language,heuristic fallback from comment help-seeking language,heuristic fallback based on caption specificity and length,"Relevance 0.00, audience intent 0.00, content depth 0.00, engagement quality 0.00. Median engagement rate 0.00% across 0 posts. Confidence low (0.00).",,,,0,0,0.0
3174769912474877963,0,0,nano,0.0,0.0,0.0,0.0,0.0,0.0,0.0,0.28,0.32,0.33,0.07,0.0,0.0,0.0,0.0,low,False,,heuristic fallback based on bio/caption topical language,heuristic fallback from comment help-seeking language,heuristic fallback based on caption specificity and length,"Relevance 0.00, audience intent 0.00, content depth 0.00, engagement quality 0.00. Median engagement rate 0.00% across 0 posts. Confidence low (0.00).",,,,0,0,0.0
1903138826,0,0,nano,0.0,0.0,0.0,0.0,0.0,0.0,0.0,0.28,0.32,0.33,0.07,0.0,0.0,0.0,0.0,low,False,,heuristic fallback based on bio/caption topical language,heuristic fallback from comment help-seeking language,heuristic fallback based on caption specificity and length,"Relevance 0.00, audience intent 0.00, content depth 0.00, engagement quality 0.00. Median engagement rate 0.00% across 0 posts. Confidence low (0.00).",,,,0,0,0.0
1873344063414835,0,0,nano,0.0,0.0,0.0,0.0,0.0,0.0,0.0,0.28,0.32,0.33,0.07,0.0,0.0,0.0,0.0,low,False,,heuristic fallback based on bio/caption topical language,heuristic fallback from comment help-seeking language,heuristic fallback based on caption specificity and length,"Relevance 0.00, audience intent 0.00, content depth 0.00, engagement quality 0.00. Median engagement rate 0.00% across 0 posts. Confidence low (0.00).",,,,0,0,0.0
18567863074016486,0,0,nano,0.0,0.0,0.0,0.0,0.0,0.0,0.0,0.28,0.32,0.33,0.07,0.0,0.0,0.0,0.0,low,False,,heuristic fallback based on bio/caption topical language,heuristic fallback from comment help-seeking language,heuristic fallback based on caption specificity and length,"Relevance 0.00, audience intent 0.00, content depth 0.00, engagement quality 0.00. Median engagement rate 0.00% across 0 posts. Confidence low (0.00).",,,,0,0,0.0
34863631558,0,0,nano,0.0,0.0,0.0,0.0,0.0,0.0,0.0,0.28,0.32,0.33,0.07,0.0,0.0,0.0,0.0,low,False,,heuristic fallback based on bio/caption topical language,heuristic fallback from comment help-seeking language,heuristic fallback based on caption specificity and length,"Relevance 0.00, audience intent 0.00, content depth 0.00, engagement quality 0.00. Median engagement rate 0.00% across 0 posts. Confidence low (0.00).",,,,0,0,0.0
2696454,0,0,nano,0.0,0.0,0.0,0.0,0.0,0.0,0.0,0.28,0.32,0.33,0.07,0.0,0.0,0.0,0.0,low,False,,heuristic fallback based on bio/caption topical language,heuristic fallback from comment help-seeking language,heuristic fallback based on caption specificity and length,"Relevance 0.00, audience intent 0.00, content depth 0.00, engagement quality 0.00. Median engagement rate 0.00% across 0 posts. Confidence low (0.00).",,,,0,0,0.0
2968285411924288622,0,0,nano,0.0,0.0,0.0,0.0,0.0,0.0,0.0,0.28,0.32,0.33,0.07,0.0,0.0,0.0,0.0,low,False,,heuristic fallback based on bio/caption topical language,heuristic fallback from comment help-seeking language,heuristic fallback based on caption specificity and length,"Relevance 0.00, audience intent 0.00, content depth 0.00, engagement quality 0.00. Median engagement rate 0.00% across 0 posts. Confidence low (0.00).",,,,0,0,0.0
28227447,0,0,nano,0.0,0.0,0.0,0.0,0.0,0.0,0.0,0.28,0.32,0.33,0.07,0.0,0.0,0.0,0.0,low,False,,heuristic fallback based on bio/caption topical language,heuristic fallback from comment help-seeking language,heuristic fallback based on caption specificity and length,"Relevance 0.00, audience intent 0.00, content depth 0.00, engagement quality 0.00. Median engagement rate 0.00% across 0 posts. Confidence low (0.00).",,,,0,0,0.0
2145482493963443046,0,0,nano,0.0,0.0,0.0,0.0,0.0,0.0,0.0,0.28,0.32,0.33,0.07,0.0,0.0,0.0,0.0,low,False,,heuristic fallback based on bio/caption topical language,heuristic fallback from comment help-seeking language,heuristic fallback based on caption specificity and length,"Relevance 0.00, audience intent 0.00, content depth 0.00, engagement quality 0.00. Median engagement rate 0.00% across 0 posts. Confidence low (0.00).",,,,0,0,0.0
191172365,0,0,nano,0.0,0.0,0.0,0.0,0.0,0.0,0.0,0.28,0.32,0.33,0.07,0.0,0.0,0.0,0.0,low,False,,heuristic fallback based on bio/caption topical language,heuristic fallback from comment help-seeking language,heuristic fallback based on caption specificity and length,"Relevance 0.00, audience intent 0.00, content depth 0.00, engagement quality 0.00. Median engagement rate 0.00% across 0 posts. Confidence low (0.00).",,,,0,0,0.0
1920885564204976543,0,0,nano,0.0,0.0,0.0,0.0,0.0,0.0,0.0,0.28,0.32,0.33,0.07,0.0,0.0,0.0,0.0,low,False,,heuristic fallback based on bio/caption topical language,heuristic fallback from comment help-seeking language,heuristic fallback based on caption specificity and length,"Relevance 0.00, audience intent 0.00, content depth 0.00, engagement quality 0.00. Median engagement rate 0.00% across 0 posts. Confidence low (0.00).",,,,0,0,0.0
1923341809,0,0,nano,0.0,0.0,0.0,0.0,0.0,0.0,0.0,0.28,0.32,0.33,0.07,0.0,0.0,0.0,0.0,low,False,,heuristic fallback based on bio/caption topical language,heuristic fallback from comment help-seeking language,heuristic fallback based on caption specificity and length,"Relevance 0.00, audience intent 0.00, content depth 0.00, engagement quality 0.00. Median engagement rate 0.00% across 0 posts. Confidence low (0.00).",,,,0,0,0.0
248702780,0,0,nano,0.0,0.0,0.0,0.0,0.0,0.0,0.0,0.28,0.32,0.33,0.07,0.0,0.0,0.0,0.0,low,False,,heuristic fallback based on bio/caption topical language,heuristic fallback from comment help-seeking language,heuristic fallback based on caption specificity and length,"Relevance 0.00, audience intent 0.00, content depth 0.00, engagement quality 0.00. Median engagement rate 0.00% across 0 posts. Confidence low (0.00).",,,,0,0,0.0
193693777,0,0,nano,0.0,0.0,0.0,0.0,0.0,0.0,0.0,0.28,0.32,0.33,0.07,0.0,0.0,0.0,0.0,low,False,,heuristic fallback based on bio/caption topical language,heuristic fallback from comment help-seeking language,heuristic fallback based on caption specificity and length,"Relevance 0.00, audience intent 0.00, content depth 0.00, engagement quality 0.00. Median engagement rate 0.00% across 0 posts. Confidence low (0.00).",,,,0,0,0.0
228836642167607,0,0,nano,0.0,0.0,0.0,0.0,0.0,0.0,0.0,0.28,0.32,0.33,0.07,0.0,0.0,0.0,0.0,low,False,,heuristic fallback based on bio/caption topical language,heuristic fallback from comment help-seeking language,heuristic fallback based on caption specificity and length,"Relevance 0.00, audience intent 0.00, content depth 0.00, engagement quality 0.00. Median engagement rate 0.00% across 0 posts. Confidence low (0.00).",,,,0,0,0.0
2187469041,0,0,nano,0.0,0.0,0.0,0.0,0.0,0.0,0.0,0.28,0.32,0.33,0.07,0.0,0.0,0.0,0.0,low,False,,heuristic fallback based on bio/caption topical language,heuristic fallback from comment help-seeking language,heuristic fallback based on caption specificity and length,"Relevance 0.00, audience intent 0.00, content depth 0.00, engagement quality 0.00. Median engagement rate 0.00% across 0 posts. Confidence low (0.00).",,,,0,0,0.0
37583982879,0,0,nano,0.0,0.0,0.0,0.0,0.0,0.0,0.0,0.28,0.32,0.33,0.07,0.0,0.0,0.0,0.0,low,False,,heuristic fallback based on bio/caption topical language,heuristic fallback from comment help-seeking language,heuristic fallback based on caption specificity and length,"Relevance 0.00, audience intent 0.00, content depth 0.00, engagement quality 0.00. Median engagement rate 0.00% across 0 posts. Confidence low (0.00).",,,,0,0,0.0
214755146,0,0,nano,0.0,0.0,0.0,0.0,0.0,0.0,0.0,0.28,0.32,0.33,0.07,0.0,0.0,0.0,0.0,low,False,,heuristic fallback based on bio/caption topical language,heuristic fallback from comment help-seeking language,heuristic fallback based on caption specificity and length,"Relevance 0.00, audience intent 0.00, content depth 0.00, engagement quality 0.00. Median engagement rate 0.00% across 0 posts. Confidence low (0.00).",,,,0,0,0.0
204517928,0,0,nano,0.0,0.0,0.0,0.0,0.0,0.0,0.0,0.28,0.32,0.33,0.07,0.0,0.0,0.0,0.0,low,False,,heuristic fallback based on bio/caption topical language,heuristic fallback from comment help-seeking language,heuristic fallback based on caption specificity and length,"Relevance 0.00, audience intent 0.00, content depth 0.00, engagement quality 0.00. Median engagement rate 0.00% across 0 posts. Confidence low (0.00).",,,,0,0,0.0
3494361758401442700,0,0,nano,0.0,0.0,0.0,0.0,0.0,0.0,0.0,0.28,0.32,0.33,0.07,0.0,0.0,0.0,0.0,low,False,,heuristic fallback based on bio/caption topical language,heuristic fallback from comment help-seeking language,heuristic fallback based on caption specificity and length,"Relevance 0.00, audience intent 0.00, content depth 0.00, engagement quality 0.00. Median engagement rate 0.00% across 0 posts. Confidence low (0.00).",,,,0,0,0.0
mantherapy,1,4,nano,0.0,0.0,0.0,0.0,0.0,0.0,0.0,0.28,0.32,0.33,0.07,0.0,0.0,0.0,0.0,low,False,,heuristic fallback based on bio/caption topical language,heuristic fallback from comment help-seeking language,heuristic fallback based on caption specificity and length,"Relevance 0.00, audience intent 0.00, content depth 0.00, engagement quality 0.00. Median engagement rate 0.00% across 0 posts. Confidence low (0.00).",,,,0,0,0.0
3850759996321147752,0,0,nano,0.0,0.0,0.0,0.0,0.0,0.0,0.0,0.28,0.32,0.33,0.07,0.0,0.0,0.0,0.0,low,False,,heuristic fallback based on bio/caption topical language,heuristic fallback from comment help-seeking language,heuristic fallback based on caption specificity and length,"Relevance 0.00, audience intent 0.00, content depth 0.00, engagement quality 0.00. Median engagement rate 0.00% across 0 posts. Confidence low (0.00).",,,,0,0,0.0
safeplaceformentalhealth,37,62,nano,0.0,0.0,0.0,0.0,0.0,0.0,0.0,0.28,0.32,0.33,0.07,0.0,0.0,0.0,0.0,low,False,,heuristic fallback based on bio/caption topical language,heuristic fallback from comment help-seeking language,heuristic fallback based on caption specificity and length,"Relevance 0.00, audience intent 0.00, content depth 0.00, engagement quality 0.00. Median engagement rate 0.00% across 0 posts. Confidence low (0.00).",,,,0,0,0.0
weareallhuman,3,12,nano,0.0,0.0,0.0,0.0,0.0,0.0,0.0,0.2837,0.3155,0.327,0.0737,0.015,0.0,0.0,0.0067,low,False,,No mental health related content found in bio or captions.,No comments provided for analysis.,No captions provided for analysis.,"Relevance 0.00, audience intent 0.00, content depth 0.00, engagement quality 0.00. Median engagement rate 0.00% across 0 posts. Confidence low (0.01).",,,,0,0,0.0
traumatherapyhub,0,0,nano,0.0,0.0,0.0,0.0,0.0,0.0,0.0,0.28,0.32,0.33,0.07,0.0,0.0,0.0,0.0,low,False,,heuristic fallback based on bio/caption topical language,heuristic fallback from comment help-seeking language,heuristic fallback based on caption specificity and length,"Relevance 0.00, audience intent 0.00, content depth 0.00, engagement quality 0.00. Median engagement rate 0.00% across 0 posts. Confidence low (0.00).",,,,0,0,0.0
thesadgirlsclub,1,0,nano,0.0,0.0,0.0,0.0,0.0,0.0,0.0,0.28,0.32,0.33,0.07,0.0,0.0,0.0,0.0,low,False,,heuristic fallback based on bio/caption topical language,heuristic fallback from comment help-seeking language,heuristic fallback based on caption specificity and length,"Relevance 0.00, audience intent 0.00, content depth 0.00, engagement quality 0.00. Median engagement rate 0.00% across 0 posts. Confidence low (0.00).",,,,0,0,0.0
thementalhealthcoach,4349,6026,nano,0.0,0.0,0.0,0.0,0.0,0.0,0.0,0.2875,0.311,0.324,0.0775,0.03,0.0,0.0,0.0135,low,False,,No mental health related content in bio or captions.,No comments provided for evaluation.,No captions provided for evaluation.,"Relevance 0.00, audience intent 0.00, content depth 0.00, engagement quality 0.00. Median engagement rate 0.00% across 0 posts. Confidence low (0.01).",,,,0,0,0.0
thefriendlinessproject,0,0,nano,0.0,0.0,0.0,0.0,0.0,0.0,0.0,0.28,0.32,0.33,0.07,0.0,0.0,0.0,0.0,low,False,,heuristic fallback based on bio/caption topical language,heuristic fallback from comment help-seeking language,heuristic fallback based on caption specificity and length,"Relevance 0.00, audience intent 0.00, content depth 0.00, engagement quality 0.00. Median engagement rate 0.00% across 0 posts. Confidence low (0.00).",,,,0,0,0.0
thedepressionproject,0,0,nano,0.0,0.0,0.0,0.0,0.0,0.0,0.0,0.28,0.32,0.33,0.07,0.0,0.0,0.0,0.0,low,False,,heuristic fallback based on bio/caption topical language,heuristic fallback from comment help-seeking language,heuristic fallback based on caption specificity and length,"Relevance 0.00, audience intent 0.00, content depth 0.00, engagement quality 0.00. Median engagement rate 0.00% across 0 posts. Confidence low (0.00).",,,,0,0,0.0
theblurtfoundation,0,0,nano,0.0,0.0,0.0,0.0,0.0,0.0,0.0,0.28,0.32,0.33,0.07,0.0,0.0,0.0,0.0,low,False,,heuristic fallback based on bio/caption topical language,heuristic fallback from comment help-seeking language,heuristic fallback based on caption specificity and length,"Relevance 0.00, audience intent 0.00, content depth 0.00, engagement quality 0.00. Median engagement rate 0.00% across 0 posts. Confidence low (0.00).",,,,0,0,0.0
the.happybroadcast,0,0,nano,0.0,0.0,0.0,0.0,0.0,0.0,0.0,0.28,0.32,0.33,0.07,0.0,0.0,0.0,0.0,low,False,,heuristic fallback based on bio/caption topical language,heuristic fallback from comment help-seeking language,heuristic fallback based on caption specificity and length,"Relevance 0.00, audience intent 0.00, content depth 0.00, engagement quality 0.00. Median engagement rate 0.00% across 0 posts. Confidence low (0.00).",,,,0,0,0.0
selfcaredepot,8,20,nano,0.0,0.0,0.0,0.0,0.0,0.0,0.0,0.3013,0.2945,0.313,0.0912,0.085,0.0,0.0,0.0383,low,False,,The account's bio and captions are not primarily mental-health focused.,There are no comments provided to evaluate audience intent.,There are no captions provided for evaluation.,"Relevance 0.00, audience intent 0.00, content depth 0.00, engagement quality 0.00. Median engagement rate 0.00% across 0 posts. Confidence low (0.04).",,,,0,0,0.0
nami_communicate,0,0,nano,0.0,0.0,0.0,0.0,0.0,0.0,0.0,0.28,0.32,0.33,0.07,0.0,0.0,0.0,0.0,low,False,,heuristic fallback based on bio/caption topical language,heuristic fallback from comment help-seeking language,heuristic fallback based on caption specificity and length,"Relevance 0.00, audience intent 0.00, content depth 0.00, engagement quality 0.00. Median engagement rate 0.00% across 0 posts. Confidence low (0.00).",,,,0,0,0.0
3870812496684210003,0,0,nano,0.0,0.0,0.0,0.0,0.0,0.0,0.0,0.28,0.32,0.33,0.07,0.0,0.0,0.0,0.0,low,False,,heuristic fallback based on bio/caption topical language,heuristic fallback from comment help-seeking language,heuristic fallback based on caption specificity and length,"Relevance 0.00, audience intent 0.00, content depth 0.00, engagement quality 0.00. Median engagement rate 0.00% across 0 posts. Confidence low (0.00).",,,,0,0,0.0
mindgrowthcollective,0,0,nano,0.0,0.0,0.0,0.0,0.0,0.0,0.0,0.28,0.32,0.33,0.07,0.0,0.0,0.0,0.0,low,False,,heuristic fallback based on bio/caption topical language,heuristic fallback from comment help-seeking language,heuristic fallback based on caption specificity and length,"Relevance 0.00, audience intent 0.00, content depth 0.00, engagement quality 0.00. Median engagement rate 0.00% across 0 posts. Confidence low (0.00).",,,,0,0,0.0
mindfulmoments_ig,0,0,nano,0.0,0.0,0.0,0.0,0.0,0.0,0.0,0.28,0.32,0.33,0.07,0.0,0.0,0.0,0.0,low,False,,heuristic fallback based on bio/caption topical language,heuristic fallback from comment help-seeking language,heuristic fallback based on caption specificity and length,"Relevance 0.00, audience intent 0.00, content depth 0.00, engagement quality 0.00. Median engagement rate 0.00% across 0 posts. Confidence low (0.00).",,,,0,0,0.0
mindful__mamas,0,0,nano,0.0,0.0,0.0,0.0,0.0,0.0,0.0,0.28,0.32,0.33,0.07,0.0,0.0,0.0,0.0,low,False,,heuristic fallback based on bio/caption topical language,heuristic fallback from comment help-seeking language,heuristic fallback based on caption specificity and length,"Relevance 0.00, audience intent 0.00, content depth 0.00, engagement quality 0.00. Median engagement rate 0.00% across 0 posts. Confidence low (0.00).",,,,0,0,0.0
18542450524035950,0,0,nano,0.0,0.0,0.0,0.0,0.0,0.0,0.0,0.28,0.32,0.33,0.07,0.0,0.0,0.0,0.0,low,False,,heuristic fallback based on bio/caption topical language,heuristic fallback from comment help-seeking language,heuristic fallback based on caption specificity and length,"Relevance 0.00, audience intent 0.00, content depth 0.00, engagement quality 0.00. Median engagement rate 0.00% across 0 posts. Confidence low (0.00).",,,,0,0,0.0
letstalkmenhealth,0,0,nano,0.0,0.0,0.0,0.0,0.0,0.0,0.0,0.28,0.32,0.33,0.07,0.0,0.0,0.0,0.0,low,False,,heuristic fallback based on bio/caption topical language,heuristic fallback from comment help-seeking language,heuristic fallback based on caption specificity and length,"Relevance 0.00, audience intent 0.00, content depth 0.00, engagement quality 0.00. Median engagement rate 0.00% across 0 posts. Confidence low (0.00).",,,,0,0,0.0
iamleahbowers,0,0,nano,0.0,0.0,0.0,0.0,0.0,0.0,0.0,0.28,0.32,0.33,0.07,0.0,0.0,0.0,0.0,low,False,,heuristic fallback based on bio/caption topical language,heuristic fallback from comment help-seeking language,heuristic fallback based on caption specificity and length,"Relevance 0.00, audience intent 0.00, content depth 0.00, engagement quality 0.00. Median engagement rate 0.00% across 0 posts. Confidence low (0.00).",,,,0,0,0.0
drjennywang,58,91,nano,0.0,0.0,0.0,0.0,0.0,0.0,0.0,0.2875,0.311,0.324,0.0775,0.03,0.0,0.0,0.0135,low,False,,Bio and captions do not indicate mental health focus,No comments provided for analysis,No captions provided for analysis,"Relevance 0.00, audience intent 0.00, content depth 0.00, engagement quality 0.00. Median engagement rate 0.00% across 0 posts. Confidence low (0.01).",,,,0,0,0.0
depressionlookslikeme,0,0,nano,0.0,0.0,0.0,0.0,0.0,0.0,0.0,0.28,0.32,0.33,0.07,0.0,0.0,0.0,0.0,low,False,,heuristic fallback based on bio/caption topical language,heuristic fallback from comment help-seeking language,heuristic fallback based on caption specificity and length,"Relevance 0.00, audience intent 0.00, content depth 0.00, engagement quality 0.00. Median engagement rate 0.00% across 0 posts. Confidence low (0.00).",,,,0,0,0.0
cptsdwarriors,0,0,nano,0.0,0.0,0.0,0.0,0.0,0.0,0.0,0.28,0.32,0.33,0.07,0.0,0.0,0.0,0.0,low,False,,heuristic fallback based on bio/caption topical language,heuristic fallback from comment help-seeking language,heuristic fallback based on caption specificity and length,"Relevance 0.00, audience intent 0.00, content depth 0.00, engagement quality 0.00. Median engagement rate 0.00% across 0 posts. Confidence low (0.00).",,,,0,0,0.0
185639919,0,0,nano,0.0,0.0,0.0,0.0,0.0,0.0,0.0,0.28,0.32,0.33,0.07,0.0,0.0,0.0,0.0,low,False,,heuristic fallback based on bio/caption topical language,heuristic fallback from comment help-seeking language,heuristic fallback based on caption specificity and length,"Relevance 0.00, audience intent 0.00, content depth 0.00, engagement quality 0.00. Median engagement rate 0.00% across 0 posts. Confidence low (0.00).",,,,0,0,0.0
0,0,0,nano,0.0,0.0,0.0,0.0,0.0,0.0,0.0,0.28,0.32,0.33,0.07,0.0,0.0,0.0,0.0,low,False,,heuristic fallback based on bio/caption topical language,heuristic fallback from comment help-seeking language,heuristic fallback based on caption specificity and length,"Relevance 0.00, audience intent 0.00, content depth 0.00, engagement quality 0.00. Median engagement rate 0.00% across 0 posts. Confidence low (0.00).",,,,0,0,0.0
1009119353968878,0,0,nano,0.0,0.0,0.0,0.0,0.0,0.0,0.0,0.28,0.32,0.33,0.07,0.0,0.0,0.0,0.0,low,False,,heuristic fallback based on bio/caption topical language,heuristic fallback from comment help-seeking language,heuristic fallback based on caption specificity and length,"Relevance 0.00, audience intent 0.00, content depth 0.00, engagement quality 0.00. Median engagement rate 0.00% across 0 posts. Confidence low (0.00).",,,,0,0,0.0
13574837050,0,0,nano,0.0,0.0,0.0,0.0,0.0,0.0,0.0,0.28,0.32,0.33,0.07,0.0,0.0,0.0,0.0,low,False,,heuristic fallback based on bio/caption topical language,heuristic fallback from comment help-seeking language,heuristic fallback based on caption specificity and length,"Relevance 0.00, audience intent 0.00, content depth 0.00, engagement quality 0.00. Median engagement rate 0.00% across 0 posts. Confidence low (0.00).",,,,0,0,0.0
1285929135385159,0,0,nano,0.0,0.0,0.0,0.0,0.0,0.0,0.0,0.28,0.32,0.33,0.07,0.0,0.0,0.0,0.0,low,False,,heuristic fallback based on bio/caption topical language,heuristic fallback from comment help-seeking language,heuristic fallback based on caption specificity and length,"Relevance 0.00, audience intent 0.00, content depth 0.00, engagement quality 0.00. Median engagement rate 0.00% across 0 posts. Confidence low (0.00).",,,,0,0,0.0
1298902100,0,0,nano,0.0,0.0,0.0,0.0,0.0,0.0,0.0,0.28,0.32,0.33,0.07,0.0,0.0,0.0,0.0,low,False,,heuristic fallback based on bio/caption topical language,heuristic fallback from comment help-seeking language,heuristic fallback based on caption specificity and length,"Relevance 0.00, audience intent 0.00, content depth 0.00, engagement quality 0.00. Median engagement rate 0.00% across 0 posts. Confidence low (0.00).",,,,0,0,0.0
1303837350984629,0,0,nano,0.0,0.0,0.0,0.0,0.0,0.0,0.0,0.28,0.32,0.33,0.07,0.0,0.0,0.0,0.0,low,False,,heuristic fallback based on bio/caption topical language,heuristic fallback from comment help-seeking language,heuristic fallback based on caption specificity and length,"Relevance 0.00, audience intent 0.00, content depth 0.00, engagement quality 0.00. Median engagement rate 0.00% across 0 posts. Confidence low (0.00).",,,,0,0,0.0
1314059688,0,0,nano,0.0,0.0,0.0,0.0,0.0,0.0,0.0,0.28,0.32,0.33,0.07,0.0,0.0,0.0,0.0,low,False,,heuristic fallback based on bio/caption topical language,heuristic fallback from comment help-seeking language,heuristic fallback based on caption specificity and length,"Relevance 0.00, audience intent 0.00, content depth 0.00, engagement quality 0.00. Median engagement rate 0.00% across 0 posts. Confidence low (0.00).",,,,0,0,0.0
1316619915923313,0,0,nano,0.0,0.0,0.0,0.0,0.0,0.0,0.0,0.28,0.32,0.33,0.07,0.0,0.0,0.0,0.0,low,False,,heuristic fallback based on bio/caption topical language,heuristic fallback from comment help-seeking language,heuristic fallback based on caption specificity and length,"Relevance 0.00, audience intent 0.00, content depth 0.00, engagement quality 0.00. Median engagement rate 0.00% across 0 posts. Confidence low (0.00).",,,,0,0,0.0
1321242359,0,0,nano,0.0,0.0,0.0,0.0,0.0,0.0,0.0,0.28,0.32,0.33,0.07,0.0,0.0,0.0,0.0,low,False,,heuristic fallback based on bio/caption topical language,heuristic fallback from comment help-seeking language,heuristic fallback based on caption specificity and length,"Relevance 0.00, audience intent 0.00, content depth 0.00, engagement quality 0.00. Median engagement rate 0.00% across 0 posts. Confidence low (0.00).",,,,0,0,0.0
1337860393,0,0,nano,0.0,0.0,0.0,0.0,0.0,0.0,0.0,0.28,0.32,0.33,0.07,0.0,0.0,0.0,0.0,low,False,,heuristic fallback based on bio/caption topical language,heuristic fallback from comment help-seeking language,heuristic fallback based on caption specificity and length,"Relevance 0.00, audience intent 0.00, content depth 0.00, engagement quality 0.00. Median engagement rate 0.00% across 0 posts. Confidence low (0.00).",,,,0,0,0.0
1349976694,0,0,nano,0.0,0.0,0.0,0.0,0.0,0.0,0.0,0.28,0.32,0.33,0.07,0.0,0.0,0.0,0.0,low,False,,heuristic fallback based on bio/caption topical language,heuristic fallback from comment help-seeking language,heuristic fallback based on caption specificity and length,"Relevance 0.00, audience intent 0.00, content depth 0.00, engagement quality 0.00. Median engagement rate 0.00% across 0 posts. Confidence low (0.00).",,,,0,0,0.0
137797727089493,0,0,nano,0.0,0.0,0.0,0.0,0.0,0.0,0.0,0.28,0.32,0.33,0.07,0.0,0.0,0.0,0.0,low,False,,heuristic fallback based on bio/caption topical language,heuristic fallback from comment help-seeking language,heuristic fallback based on caption specificity and length,"Relevance 0.00, audience intent 0.00, content depth 0.00, engagement quality 0.00. Median engagement rate 0.00% across 0 posts. Confidence low (0.00).",,,,0,0,0.0
1257569794446542,0,0,nano,0.0,0.0,0.0,0.0,0.0,0.0,0.0,0.28,0.32,0.33,0.07,0.0,0.0,0.0,0.0,low,False,,heuristic fallback based on bio/caption topical language,heuristic fallback from comment help-seeking language,heuristic fallback based on caption specificity and length,"Relevance 0.00, audience intent 0.00, content depth 0.00, engagement quality 0.00. Median engagement rate 0.00% across 0 posts. Confidence low (0.00).",,,,0,0,0.0
1424809115439700,0,0,nano,0.0,0.0,0.0,0.0,0.0,0.0,0.0,0.28,0.32,0.33,0.07,0.0,0.0,0.0,0.0,low,False,,heuristic fallback based on bio/caption topical language,heuristic fallback from comment help-seeking language,heuristic fallback based on caption specificity and length,"Relevance 0.00, audience intent 0.00, content depth 0.00, engagement quality 0.00. Median engagement rate 0.00% across 0 posts. Confidence low (0.00).",,,,0,0,0.0
1448036448988176,0,0,nano,0.0,0.0,0.0,0.0,0.0,0.0,0.0,0.28,0.32,0.33,0.07,0.0,0.0,0.0,0.0,low,False,,heuristic fallback based on bio/caption topical language,heuristic fallback from comment help-seeking language,heuristic fallback based on caption specificity and length,"Relevance 0.00, audience intent 0.00, content depth 0.00, engagement quality 0.00. Median engagement rate 0.00% across 0 posts. Confidence low (0.00).",,,,0,0,0.0
1466131188136916842,0,0,nano,0.0,0.0,0.0,0.0,0.0,0.0,0.0,0.28,0.32,0.33,0.07,0.0,0.0,0.0,0.0,low,False,,heuristic fallback based on bio/caption topical language,heuristic fallback from comment help-seeking language,heuristic fallback based on caption specificity and length,"Relevance 0.00, audience intent 0.00, content depth 0.00, engagement quality 0.00. Median engagement rate 0.00% across 0 posts. Confidence low (0.00).",,,,0,0,0.0
15021217043,0,0,nano,0.0,0.0,0.0,0.0,0.0,0.0,0.0,0.28,0.32,0.33,0.07,0.0,0.0,0.0,0.0,low,False,,heuristic fallback based on bio/caption topical language,heuristic fallback from comment help-seeking language,heuristic fallback based on caption specificity and length,"Relevance 0.00, audience intent 0.00, content depth 0.00, engagement quality 0.00. Median engagement rate 0.00% across 0 posts. Confidence low (0.00).",,,,0,0,0.0
1520932284707537,0,0,nano,0.0,0.0,0.0,0.0,0.0,0.0,0.0,0.28,0.32,0.33,0.07,0.0,0.0,0.0,0.0,low,False,,heuristic fallback based on bio/caption topical language,heuristic fallback from comment help-seeking language,heuristic fallback based on caption specificity and length,"Relevance 0.00, audience intent 0.00, content depth 0.00, engagement quality 0.00. Median engagement rate 0.00% across 0 posts. Confidence low (0.00).",,,,0,0,0.0
1522233192,0,0,nano,0.0,0.0,0.0,0.0,0.0,0.0,0.0,0.28,0.32,0.33,0.07,0.0,0.0,0.0,0.0,low,False,,heuristic fallback based on bio/caption topical language,heuristic fallback from comment help-seeking language,heuristic fallback based on caption specificity and length,"Relevance 0.00, audience intent 0.00, content depth 0.00, engagement quality 0.00. Median engagement rate 0.00% across 0 posts. Confidence low (0.00).",,,,0,0,0.0
1533044344072224,0,0,nano,0.0,0.0,0.0,0.0,0.0,0.0,0.0,0.28,0.32,0.33,0.07,0.0,0.0,0.0,0.0,low,False,,heuristic fallback based on bio/caption topical language,heuristic fallback from comment help-seeking language,heuristic fallback based on caption specificity and length,"Relevance 0.00, audience intent 0.00, content depth 0.00, engagement quality 0.00. Median engagement rate 0.00% across 0 posts. Confidence low (0.00).",,,,0,0,0.0
1535135121008248,0,0,nano,0.0,0.0,0.0,0.0,0.0,0.0,0.0,0.28,0.32,0.33,0.07,0.0,0.0,0.0,0.0,low,False,,heuristic fallback based on bio/caption topical language,heuristic fallback from comment help-seeking language,heuristic fallback based on caption specificity and length,"Relevance 0.00, audience intent 0.00, content depth 0.00, engagement quality 0.00. Median engagement rate 0.00% across 0 posts. Confidence low (0.00).",,,,0,0,0.0
1278234089450575,0,0,nano,0.0,0.0,0.0,0.0,0.0,0.0,0.0,0.28,0.32,0.33,0.07,0.0,0.0,0.0,0.0,low,False,,heuristic fallback based on bio/caption topical language,heuristic fallback from comment help-seeking language,heuristic fallback based on caption specificity and length,"Relevance 0.00, audience intent 0.00, content depth 0.00, engagement quality 0.00. Median engagement rate 0.00% across 0 posts. Confidence low (0.00).",,,,0,0,0.0
1236581063159137,0,0,nano,0.0,0.0,0.0,0.0,0.0,0.0,0.0,0.28,0.32,0.33,0.07,0.0,0.0,0.0,0.0,low,False,,heuristic fallback based on bio/caption topical language,heuristic fallback from comment help-seeking language,heuristic fallback based on caption specificity and length,"Relevance 0.00, audience intent 0.00, content depth 0.00, engagement quality 0.00. Median engagement rate 0.00% across 0 posts. Confidence low (0.00).",,,,0,0,0.0
18489308860070424,0,0,nano,0.0,0.0,0.0,0.0,0.0,0.0,0.0,0.28,0.32,0.33,0.07,0.0,0.0,0.0,0.0,low,False,,heuristic fallback based on bio/caption topical language,heuristic fallback from comment help-seeking language,heuristic fallback based on caption specificity and length,"Relevance 0.00, audience intent 0.00, content depth 0.00, engagement quality 0.00. Median engagement rate 0.00% across 0 posts. Confidence low (0.00).",,,,0,0,0.0
11106800735,0,0,nano,0.0,0.0,0.0,0.0,0.0,0.0,0.0,0.28,0.32,0.33,0.07,0.0,0.0,0.0,0.0,low,False,,heuristic fallback based on bio/caption topical language,heuristic fallback from comment help-seeking language,heuristic fallback based on caption specificity and length,"Relevance 0.00, audience intent 0.00, content depth 0.00, engagement quality 0.00. Median engagement rate 0.00% across 0 posts. Confidence low (0.00).",,,,0,0,0.0
1015231872,0,0,nano,0.0,0.0,0.0,0.0,0.0,0.0,0.0,0.28,0.32,0.33,0.07,0.0,0.0,0.0,0.0,low,False,,heuristic fallback based on bio/caption topical language,heuristic fallback from comment help-seeking language,heuristic fallback based on caption specificity and length,"Relevance 0.00, audience intent 0.00, content depth 0.00, engagement quality 0.00. Median engagement rate 0.00% across 0 posts. Confidence low (0.00).",,,,0,0,0.0
1016413593,0,0,nano,0.0,0.0,0.0,0.0,0.0,0.0,0.0,0.28,0.32,0.33,0.07,0.0,0.0,0.0,0.0,low,False,,heuristic fallback based on bio/caption topical language,heuristic fallback from comment help-seeking language,heuristic fallback based on caption specificity and length,"Relevance 0.00, audience intent 0.00, content depth 0.00, engagement quality 0.00. Median engagement rate 0.00% across 0 posts. Confidence low (0.00).",,,,0,0,0.0
1019740198164310,0,0,nano,0.0,0.0,0.0,0.0,0.0,0.0,0.0,0.28,0.32,0.33,0.07,0.0,0.0,0.0,0.0,low,False,,heuristic fallback based on bio/caption topical language,heuristic fallback from comment help-seeking language,heuristic fallback based on caption specificity and length,"Relevance 0.00, audience intent 0.00, content depth 0.00, engagement quality 0.00. Median engagement rate 0.00% across 0 posts. Confidence low (0.00).",,,,0,0,0.0
1034043745451035,0,0,nano,0.0,0.0,0.0,0.0,0.0,0.0,0.0,0.28,0.32,0.33,0.07,0.0,0.0,0.0,0.0,low,False,,heuristic fallback based on bio/caption topical language,heuristic fallback from comment help-seeking language,heuristic fallback based on caption specificity and length,"Relevance 0.00, audience intent 0.00, content depth 0.00, engagement quality 0.00. Median engagement rate 0.00% across 0 posts. Confidence low (0.00).",,,,0,0,0.0
104171944765635,0,0,nano,0.0,0.0,0.0,0.0,0.0,0.0,0.0,0.28,0.32,0.33,0.07,0.0,0.0,0.0,0.0,low,False,,heuristic fallback based on bio/caption topical language,heuristic fallback from comment help-seeking language,heuristic fallback based on caption specificity and length,"Relevance 0.00, audience intent 0.00, content depth 0.00, engagement quality 0.00. Median engagement rate 0.00% across 0 posts. Confidence low (0.00).",,,,0,0,0.0
1065896500904547,0,0,nano,0.0,0.0,0.0,0.0,0.0,0.0,0.0,0.28,0.32,0.33,0.07,0.0,0.0,0.0,0.0,low,False,,heuristic fallback based on bio/caption topical language,heuristic fallback from comment help-seeking language,heuristic fallback based on caption specificity and length,"Relevance 0.00, audience intent 0.00, content depth 0.00, engagement quality 0.00. Median engagement rate 0.00% across 0 posts. Confidence low (0.00).",,,,0,0,0.0
1095390880667569,0,0,nano,0.0,0.0,0.0,0.0,0.0,0.0,0.0,0.28,0.32,0.33,0.07,0.0,0.0,0.0,0.0,low,False,,heuristic fallback based on bio/caption topical language,heuristic fallback from comment help-seeking language,heuristic fallback based on caption specificity and length,"Relevance 0.00, audience intent 0.00, content depth 0.00, engagement quality 0.00. Median engagement rate 0.00% across 0 posts. Confidence low (0.00).",,,,0,0,0.0
1095580715724998,0,0,nano,0.0,0.0,0.0,0.0,0.0,0.0,0.0,0.28,0.32,0.33,0.07,0.0,0.0,0.0,0.0,low,False,,heuristic fallback based on bio/caption topical language,heuristic fallback from comment help-seeking language,heuristic fallback based on caption specificity and length,"Relevance 0.00, audience intent 0.00, content depth 0.00, engagement quality 0.00. Median engagement rate 0.00% across 0 posts. Confidence low (0.00).",,,,0,0,0.0
111667504998402,0,0,nano,0.0,0.0,0.0,0.0,0.0,0.0,0.0,0.28,0.32,0.33,0.07,0.0,0.0,0.0,0.0,low,False,,heuristic fallback based on bio/caption topical language,heuristic fallback from comment help-seeking language,heuristic fallback based on caption specificity and length,"Relevance 0.00, audience intent 0.00, content depth 0.00, engagement quality 0.00. Median engagement rate 0.00% across 0 posts. Confidence low (0.00).",,,,0,0,0.0
12326942235,0,0,nano,0.0,0.0,0.0,0.0,0.0,0.0,0.0,0.28,0.32,0.33,0.07,0.0,0.0,0.0,0.0,low,False,,heuristic fallback based on bio/caption topical language,heuristic fallback from comment help-seeking language,heuristic fallback based on caption specificity and length,"Relevance 0.00, audience intent 0.00, content depth 0.00, engagement quality 0.00. Median engagement rate 0.00% across 0 posts. Confidence low (0.00).",,,,0,0,0.0
114060546635806,0,0,nano,0.0,0.0,0.0,0.0,0.0,0.0,0.0,0.28,0.32,0.33,0.07,0.0,0.0,0.0,0.0,low,False,,heuristic fallback based on bio/caption topical language,heuristic fallback from comment help-seeking language,heuristic fallback based on caption specificity and length,"Relevance 0.00, audience intent 0.00, content depth 0.00, engagement quality 0.00. Median engagement rate 0.00% across 0 posts. Confidence low (0.00).",,,,0,0,0.0
1160645188237008,0,0,nano,0.0,0.0,0.0,0.0,0.0,0.0,0.0,0.28,0.32,0.33,0.07,0.0,0.0,0.0,0.0,low,False,,heuristic fallback based on bio/caption topical language,heuristic fallback from comment help-seeking language,heuristic fallback based on caption specificity and length,"Relevance 0.00, audience intent 0.00, content depth 0.00, engagement quality 0.00. Median engagement rate 0.00% across 0 posts. Confidence low (0.00).",,,,0,0,0.0
1166690270138653,0,0,nano,0.0,0.0,0.0,0.0,0.0,0.0,0.0,0.28,0.32,0.33,0.07,0.0,0.0,0.0,0.0,low,False,,heuristic fallback based on bio/caption topical language,heuristic fallback from comment help-seeking language,heuristic fallback based on caption specificity and length,"Relevance 0.00, audience intent 0.00, content depth 0.00, engagement quality 0.00. Median engagement rate 0.00% across 0 posts. Confidence low (0.00).",,,,0,0,0.0
1168402424567167,0,0,nano,0.0,0.0,0.0,0.0,0.0,0.0,0.0,0.28,0.32,0.33,0.07,0.0,0.0,0.0,0.0,low,False,,heuristic fallback based on bio/caption topical language,heuristic fallback from comment help-seeking language,heuristic fallback based on caption specificity and length,"Relevance 0.00, audience intent 0.00, content depth 0.00, engagement quality 0.00. Median engagement rate 0.00% across 0 posts. Confidence low (0.00).",,,,0,0,0.0
1170007527760666,0,0,nano,0.0,0.0,0.0,0.0,0.0,0.0,0.0,0.28,0.32,0.33,0.07,0.0,0.0,0.0,0.0,low,False,,heuristic fallback based on bio/caption topical language,heuristic fallback from comment help-seeking language,heuristic fallback based on caption specificity and length,"Relevance 0.00, audience intent 0.00, content depth 0.00, engagement quality 0.00. Median engagement rate 0.00% across 0 posts. Confidence low (0.00).",,,,0,0,0.0
1171035642,0,0,nano,0.0,0.0,0.0,0.0,0.0,0.0,0.0,0.28,0.32,0.33,0.07,0.0,0.0,0.0,0.0,low,False,,heuristic fallback based on bio/caption topical language,heuristic fallback from comment help-seeking language,heuristic fallback based on caption specificity and length,"Relevance 0.00, audience intent 0.00, content depth 0.00, engagement quality 0.00. Median engagement rate 0.00% across 0 posts. Confidence low (0.00).",,,,0,0,0.0
1207669176689761,0,0,nano,0.0,0.0,0.0,0.0,0.0,0.0,0.0,0.28,0.32,0.33,0.07,0.0,0.0,0.0,0.0,low,False,,heuristic fallback based on bio/caption topical language,heuristic fallback from comment help-seeking language,heuristic fallback based on caption specificity and length,"Relevance 0.00, audience intent 0.00, content depth 0.00, engagement quality 0.00. Median engagement rate 0.00% across 0 posts. Confidence low (0.00).",,,,0,0,0.0
1218822276280174,0,0,nano,0.0,0.0,0.0,0.0,0.0,0.0,0.0,0.28,0.32,0.33,0.07,0.0,0.0,0.0,0.0,low,False,,heuristic fallback based on bio/caption topical language,heuristic fallback from comment help-seeking language,heuristic fallback based on caption specificity and length,"Relevance 0.00, audience intent 0.00, content depth 0.00, engagement quality 0.00. Median engagement rate 0.00% across 0 posts. Confidence low (0.00).",,,,0,0,0.0
159504299482562,0,0,nano,0.0,0.0,0.0,0.0,0.0,0.0,0.0,0.28,0.32,0.33,0.07,0.0,0.0,0.0,0.0,low,False,,heuristic fallback based on bio/caption topical language,heuristic fallback from comment help-seeking language,heuristic fallback based on caption specificity and length,"Relevance 0.00, audience intent 0.00, content depth 0.00, engagement quality 0.00. Median engagement rate 0.00% across 0 posts. Confidence low (0.00).",,,,0,0,0.0
16384410865,0,0,nano,0.0,0.0,0.0,0.0,0.0,0.0,0.0,0.28,0.32,0.33,0.07,0.0,0.0,0.0,0.0,low,False,,heuristic fallback based on bio/caption topical language,heuristic fallback from comment help-seeking language,heuristic fallback based on caption specificity and length,"Relevance 0.00, audience intent 0.00, content depth 0.00, engagement quality 0.00. Median engagement rate 0.00% across 0 posts. Confidence low (0.00).",,,,0,0,0.0
1638577608,0,0,nano,0.0,0.0,0.0,0.0,0.0,0.0,0.0,0.28,0.32,0.33,0.07,0.0,0.0,0.0,0.0,low,False,,heuristic fallback based on bio/caption topical language,heuristic fallback from comment help-seeking language,heuristic fallback based on caption specificity and length,"Relevance 0.00, audience intent 0.00, content depth 0.00, engagement quality 0.00. Median engagement rate 0.00% across 0 posts. Confidence low (0.00).",,,,0,0,0.0
18388823503112320,0,0,nano,0.0,0.0,0.0,0.0,0.0,0.0,0.0,0.28,0.32,0.33,0.07,0.0,0.0,0.0,0.0,low,False,,heuristic fallback based on bio/caption topical language,heuristic fallback from comment help-seeking language,heuristic fallback based on caption specificity and length,"Relevance 0.00, audience intent 0.00, content depth 0.00, engagement quality 0.00. Median engagement rate 0.00% across 0 posts. Confidence low (0.00).",,,,0,0,0.0
18278326990090004,0,0,nano,0.0,0.0,0.0,0.0,0.0,0.0,0.0,0.28,0.32,0.33,0.07,0.0,0.0,0.0,0.0,low,False,,heuristic fallback based on bio/caption topical language,heuristic fallback from comment help-seeking language,heuristic fallback based on caption specificity and length,"Relevance 0.00, audience intent 0.00, content depth 0.00, engagement quality 0.00. Median engagement rate 0.00% across 0 posts. Confidence low (0.00).",,,,0,0,0.0
18288678217124932,0,0,nano,0.0,0.0,0.0,0.0,0.0,0.0,0.0,0.28,0.32,0.33,0.07,0.0,0.0,0.0,0.0,low,False,,heuristic fallback based on bio/caption topical language,heuristic fallback from comment help-seeking language,heuristic fallback based on caption specificity and length,"Relevance 0.00, audience intent 0.00, content depth 0.00, engagement quality 0.00. Median engagement rate 0.00% across 0 posts. Confidence low (0.00).",,,,0,0,0.0
18292552174001810,0,0,nano,0.0,0.0,0.0,0.0,0.0,0.0,0.0,0.28,0.32,0.33,0.07,0.0,0.0,0.0,0.0,low,False,,heuristic fallback based on bio/caption topical language,heuristic fallback from comment help-seeking language,heuristic fallback based on caption specificity and length,"Relevance 0.00, audience intent 0.00, content depth 0.00, engagement quality 0.00. Median engagement rate 0.00% across 0 posts. Confidence low (0.00).",,,,0,0,0.0
18305348086100472,0,0,nano,0.0,0.0,0.0,0.0,0.0,0.0,0.0,0.28,0.32,0.33,0.07,0.0,0.0,0.0,0.0,low,False,,heuristic fallback based on bio/caption topical language,heuristic fallback from comment help-seeking language,heuristic fallback based on caption specificity and length,"Relevance 0.00, audience intent 0.00, content depth 0.00, engagement quality 0.00. Median engagement rate 0.00% across 0 posts. Confidence low (0.00).",,,,0,0,0.0
18320379928055675,0,0,nano,0.0,0.0,0.0,0.0,0.0,0.0,0.0,0.28,0.32,0.33,0.07,0.0,0.0,0.0,0.0,low,False,,heuristic fallback based on bio/caption topical language,heuristic fallback from comment help-seeking language,heuristic fallback based on caption specificity and length,"Relevance 0.00, audience intent 0.00, content depth 0.00, engagement quality 0.00. Median engagement rate 0.00% across 0 posts. Confidence low (0.00).",,,,0,0,0.0
18363059353085903,0,0,nano,0.0,0.0,0.0,0.0,0.0,0.0,0.0,0.28,0.32,0.33,0.07,0.0,0.0,0.0,0.0,low,False,,heuristic fallback based on bio/caption topical language,heuristic fallback from comment help-seeking language,heuristic fallback based on caption specificity and length,"Relevance 0.00, audience intent 0.00, content depth 0.00, engagement quality 0.00. Median engagement rate 0.00% across 0 posts. Confidence low (0.00).",,,,0,0,0.0
18376588075034741,0,0,nano,0.0,0.0,0.0,0.0,0.0,0.0,0.0,0.28,0.32,0.33,0.07,0.0,0.0,0.0,0.0,low,False,,heuristic fallback based on bio/caption topical language,heuristic fallback from comment help-seeking language,heuristic fallback based on caption specificity and length,"Relevance 0.00, audience intent 0.00, content depth 0.00, engagement quality 0.00. Median engagement rate 0.00% across 0 posts. Confidence low (0.00).",,,,0,0,0.0
18382480900035126,0,0,nano,0.0,0.0,0.0,0.0,0.0,0.0,0.0,0.28,0.32,0.33,0.07,0.0,0.0,0.0,0.0,low,False,,heuristic fallback based on bio/caption topical language,heuristic fallback from comment help-seeking language,heuristic fallback based on caption specificity and length,"Relevance 0.00, audience intent 0.00, content depth 0.00, engagement quality 0.00. Median engagement rate 0.00% across 0 posts. Confidence low (0.00).",,,,0,0,0.0
18388989037046474,0,0,nano,0.0,0.0,0.0,0.0,0.0,0.0,0.0,0.28,0.32,0.33,0.07,0.0,0.0,0.0,0.0,low,False,,heuristic fallback based on bio/caption topical language,heuristic fallback from comment help-seeking language,heuristic fallback based on caption specificity and length,"Relevance 0.00, audience intent 0.00, content depth 0.00, engagement quality 0.00. Median engagement rate 0.00% across 0 posts. Confidence low (0.00).",,,,0,0,0.0
1650256643,0,0,nano,0.0,0.0,0.0,0.0,0.0,0.0,0.0,0.28,0.32,0.33,0.07,0.0,0.0,0.0,0.0,low,False,,heuristic fallback based on bio/caption topical language,heuristic fallback from comment help-seeking language,heuristic fallback based on caption specificity and length,"Relevance 0.00, audience intent 0.00, content depth 0.00, engagement quality 0.00. Median engagement rate 0.00% across 0 posts. Confidence low (0.00).",,,,0,0,0.0
18400148359102603,0,0,nano,0.0,0.0,0.0,0.0,0.0,0.0,0.0,0.28,0.32,0.33,0.07,0.0,0.0,0.0,0.0,low,False,,heuristic fallback based on bio/caption topical language,heuristic fallback from comment help-seeking language,heuristic fallback based on caption specificity and length,"Relevance 0.00, audience intent 0.00, content depth 0.00, engagement quality 0.00. Median engagement rate 0.00% across 0 posts. Confidence low (0.00).",,,,0,0,0.0
18410324653069625,0,0,nano,0.0,0.0,0.0,0.0,0.0,0.0,0.0,0.28,0.32,0.33,0.07,0.0,0.0,0.0,0.0,low,False,,heuristic fallback based on bio/caption topical language,heuristic fallback from comment help-seeking language,heuristic fallback based on caption specificity and length,"Relevance 0.00, audience intent 0.00, content depth 0.00, engagement quality 0.00. Median engagement rate 0.00% across 0 posts. Confidence low (0.00).",,,,0,0,0.0
18421253296028074,0,0,nano,0.0,0.0,0.0,0.0,0.0,0.0,0.0,0.28,0.32,0.33,0.07,0.0,0.0,0.0,0.0,low,False,,heuristic fallback based on bio/caption topical language,heuristic fallback from comment help-seeking language,heuristic fallback based on caption specificity and length,"Relevance 0.00, audience intent 0.00, content depth 0.00, engagement quality 0.00. Median engagement rate 0.00% across 0 posts. Confidence low (0.00).",,,,0,0,0.0
18437917423035783,0,0,nano,0.0,0.0,0.0,0.0,0.0,0.0,0.0,0.28,0.32,0.33,0.07,0.0,0.0,0.0,0.0,low,False,,heuristic fallback based on bio/caption topical language,heuristic fallback from comment help-seeking language,heuristic fallback based on caption specificity and length,"Relevance 0.00, audience intent 0.00, content depth 0.00, engagement quality 0.00. Median engagement rate 0.00% across 0 posts. Confidence low (0.00).",,,,0,0,0.0
18450686821073819,0,0,nano,0.0,0.0,0.0,0.0,0.0,0.0,0.0,0.28,0.32,0.33,0.07,0.0,0.0,0.0,0.0,low,False,,heuristic fallback based on bio/caption topical language,heuristic fallback from comment help-seeking language,heuristic fallback based on caption specificity and length,"Relevance 0.00, audience intent 0.00, content depth 0.00, engagement quality 0.00. Median engagement rate 0.00% across 0 posts. Confidence low (0.00).",,,,0,0,0.0
18457646023015294,0,0,nano,0.0,0.0,0.0,0.0,0.0,0.0,0.0,0.28,0.32,0.33,0.07,0.0,0.0,0.0,0.0,low,False,,heuristic fallback based on bio/caption topical language,heuristic fallback from comment help-seeking language,heuristic fallback based on caption specificity and length,"Relevance 0.00, audience intent 0.00, content depth 0.00, engagement quality 0.00. Median engagement rate 0.00% across 0 posts. Confidence low (0.00).",,,,0,0,0.0
18458388364064414,0,0,nano,0.0,0.0,0.0,0.0,0.0,0.0,0.0,0.28,0.32,0.33,0.07,0.0,0.0,0.0,0.0,low,False,,heuristic fallback based on bio/caption topical language,heuristic fallback from comment help-seeking language,heuristic fallback based on caption specificity and length,"Relevance 0.00, audience intent 0.00, content depth 0.00, engagement quality 0.00. Median engagement rate 0.00% across 0 posts. Confidence low (0.00).",,,,0,0,0.0
18460133770075493,0,0,nano,0.0,0.0,0.0,0.0,0.0,0.0,0.0,0.28,0.32,0.33,0.07,0.0,0.0,0.0,0.0,low,False,,heuristic fallback based on bio/caption topical language,heuristic fallback from comment help-seeking language,heuristic fallback based on caption specificity and length,"Relevance 0.00, audience intent 0.00, content depth 0.00, engagement quality 0.00. Median engagement rate 0.00% across 0 posts. Confidence low (0.00).",,,,0,0,0.0
18275734840024604,0,0,nano,0.0,0.0,0.0,0.0,0.0,0.0,0.0,0.28,0.32,0.33,0.07,0.0,0.0,0.0,0.0,low,False,,heuristic fallback based on bio/caption topical language,heuristic fallback from comment help-seeking language,heuristic fallback based on caption specificity and length,"Relevance 0.00, audience intent 0.00, content depth 0.00, engagement quality 0.00. Median engagement rate 0.00% across 0 posts. Confidence low (0.00).",,,,0,0,0.0
18274502497055088,0,0,nano,0.0,0.0,0.0,0.0,0.0,0.0,0.0,0.28,0.32,0.33,0.07,0.0,0.0,0.0,0.0,low,False,,heuristic fallback based on bio/caption topical language,heuristic fallback from comment help-seeking language,heuristic fallback based on caption specificity and length,"Relevance 0.00, audience intent 0.00, content depth 0.00, engagement quality 0.00. Median engagement rate 0.00% across 0 posts. Confidence low (0.00).",,,,0,0,0.0
18244458691050878,0,0,nano,0.0,0.0,0.0,0.0,0.0,0.0,0.0,0.28,0.32,0.33,0.07,0.0,0.0,0.0,0.0,low,False,,heuristic fallback based on bio/caption topical language,heuristic fallback from comment help-seeking language,heuristic fallback based on caption specificity and length,"Relevance 0.00, audience intent 0.00, content depth 0.00, engagement quality 0.00. Median engagement rate 0.00% across 0 posts. Confidence low (0.00).",,,,0,0,0.0
18188801701055850,0,0,nano,0.0,0.0,0.0,0.0,0.0,0.0,0.0,0.28,0.32,0.33,0.07,0.0,0.0,0.0,0.0,low,False,,heuristic fallback based on bio/caption topical language,heuristic fallback from comment help-seeking language,heuristic fallback based on caption specificity and length,"Relevance 0.00, audience intent 0.00, content depth 0.00, engagement quality 0.00. Median engagement rate 0.00% across 0 posts. Confidence low (0.00).",,,,0,0,0.0
1659188448769216,0,0,nano,0.0,0.0,0.0,0.0,0.0,0.0,0.0,0.28,0.32,0.33,0.07,0.0,0.0,0.0,0.0,low,False,,heuristic fallback based on bio/caption topical language,heuristic fallback from comment help-seeking language,heuristic fallback based on caption specificity and length,"Relevance 0.00, audience intent 0.00, content depth 0.00, engagement quality 0.00. Median engagement rate 0.00% across 0 posts. Confidence low (0.00).",,,,0,0,0.0
16611362182,0,0,nano,0.0,0.0,0.0,0.0,0.0,0.0,0.0,0.28,0.32,0.33,0.07,0.0,0.0,0.0,0.0,low,False,,heuristic fallback based on bio/caption topical language,heuristic fallback from comment help-seeking language,heuristic fallback based on caption specificity and length,"Relevance 0.00, audience intent 0.00, content depth 0.00, engagement quality 0.00. Median engagement rate 0.00% across 0 posts. Confidence low (0.00).",,,,0,0,0.0
1692662894152851,0,0,nano,0.0,0.0,0.0,0.0,0.0,0.0,0.0,0.28,0.32,0.33,0.07,0.0,0.0,0.0,0.0,low,False,,heuristic fallback based on bio/caption topical language,heuristic fallback from comment help-seeking language,heuristic fallback based on caption specificity and length,"Relevance 0.00, audience intent 0.00, content depth 0.00, engagement quality 0.00. Median engagement rate 0.00% across 0 posts. Confidence low (0.00).",,,,0,0,0.0
1717929391717942651,0,0,nano,0.0,0.0,0.0,0.0,0.0,0.0,0.0,0.28,0.32,0.33,0.07,0.0,0.0,0.0,0.0,low,False,,heuristic fallback based on bio/caption topical language,heuristic fallback from comment help-seeking language,heuristic fallback based on caption specificity and length,"Relevance 0.00, audience intent 0.00, content depth 0.00, engagement quality 0.00. Median engagement rate 0.00% across 0 posts. Confidence low (0.00).",,,,0,0,0.0
1718490006213703,0,0,nano,0.0,0.0,0.0,0.0,0.0,0.0,0.0,0.28,0.32,0.33,0.07,0.0,0.0,0.0,0.0,low,False,,heuristic fallback based on bio/caption topical language,heuristic fallback from comment help-seeking language,heuristic fallback based on caption specificity and length,"Relevance 0.00, audience intent 0.00, content depth 0.00, engagement quality 0.00. Median engagement rate 0.00% across 0 posts. Confidence low (0.00).",,,,0,0,0.0
177303586277886,0,0,nano,0.0,0.0,0.0,0.0,0.0,0.0,0.0,0.28,0.32,0.33,0.07,0.0,0.0,0.0,0.0,low,False,,heuristic fallback based on bio/caption topical language,heuristic fallback from comment help-seeking language,heuristic fallback based on caption specificity and length,"Relevance 0.00, audience intent 0.00, content depth 0.00, engagement quality 0.00. Median engagement rate 0.00% across 0 posts. Confidence low (0.00).",,,,0,0,0.0
1796130650839963,0,0,nano,0.0,0.0,0.0,0.0,0.0,0.0,0.0,0.28,0.32,0.33,0.07,0.0,0.0,0.0,0.0,low,False,,heuristic fallback based on bio/caption topical language,heuristic fallback from comment help-seeking language,heuristic fallback based on caption specificity and length,"Relevance 0.00, audience intent 0.00, content depth 0.00, engagement quality 0.00. Median engagement rate 0.00% across 0 posts. Confidence low (0.00).",,,,0,0,0.0
180484689311375,0,0,nano,0.0,0.0,0.0,0.0,0.0,0.0,0.0,0.28,0.32,0.33,0.07,0.0,0.0,0.0,0.0,low,False,,heuristic fallback based on bio/caption topical language,heuristic fallback from comment help-seeking language,heuristic fallback based on caption specificity and length,"Relevance 0.00, audience intent 0.00, content depth 0.00, engagement quality 0.00. Median engagement rate 0.00% across 0 posts. Confidence low (0.00).",,,,0,0,0.0
18122696137100146,0,0,nano,0.0,0.0,0.0,0.0,0.0,0.0,0.0,0.28,0.32,0.33,0.07,0.0,0.0,0.0,0.0,low,False,,heuristic fallback based on bio/caption topical language,heuristic fallback from comment help-seeking language,heuristic fallback based on caption specificity and length,"Relevance 0.00, audience intent 0.00, content depth 0.00, engagement quality 0.00. Median engagement rate 0.00% across 0 posts. Confidence low (0.00).",,,,0,0,0.0
18135272800078119,0,0,nano,0.0,0.0,0.0,0.0,0.0,0.0,0.0,0.28,0.32,0.33,0.07,0.0,0.0,0.0,0.0,low,False,,heuristic fallback based on bio/caption topical language,heuristic fallback from comment help-seeking language,heuristic fallback based on caption specificity and length,"Relevance 0.00, audience intent 0.00, content depth 0.00, engagement quality 0.00. Median engagement rate 0.00% across 0 posts. Confidence low (0.00).",,,,0,0,0.0
18148485022063144,0,0,nano,0.0,0.0,0.0,0.0,0.0,0.0,0.0,0.28,0.32,0.33,0.07,0.0,0.0,0.0,0.0,low,False,,heuristic fallback based on bio/caption topical language,heuristic fallback from comment help-seeking language,heuristic fallback based on caption specificity and length,"Relevance 0.00, audience intent 0.00, content depth 0.00, engagement quality 0.00. Median engagement rate 0.00% across 0 posts. Confidence low (0.00).",,,,0,0,0.0
18149408593061019,0,0,nano,0.0,0.0,0.0,0.0,0.0,0.0,0.0,0.28,0.32,0.33,0.07,0.0,0.0,0.0,0.0,low,False,,heuristic fallback based on bio/caption topical language,heuristic fallback from comment help-seeking language,heuristic fallback based on caption specificity and length,"Relevance 0.00, audience intent 0.00, content depth 0.00, engagement quality 0.00. Median engagement rate 0.00% across 0 posts. Confidence low (0.00).",,,,0,0,0.0
18152998270043337,0,0,nano,0.0,0.0,0.0,0.0,0.0,0.0,0.0,0.28,0.32,0.33,0.07,0.0,0.0,0.0,0.0,low,False,,heuristic fallback based on bio/caption topical language,heuristic fallback from comment help-seeking language,heuristic fallback based on caption specificity and length,"Relevance 0.00, audience intent 0.00, content depth 0.00, engagement quality 0.00. Median engagement rate 0.00% across 0 posts. Confidence low (0.00).",,,,0,0,0.0
18158349553094315,0,0,nano,0.0,0.0,0.0,0.0,0.0,0.0,0.0,0.28,0.32,0.33,0.07,0.0,0.0,0.0,0.0,low,False,,heuristic fallback based on bio/caption topical language,heuristic fallback from comment help-seeking language,heuristic fallback based on caption specificity and length,"Relevance 0.00, audience intent 0.00, content depth 0.00, engagement quality 0.00. Median engagement rate 0.00% across 0 posts. Confidence low (0.00).",,,,0,0,0.0
18158972083004192,0,0,nano,0.0,0.0,0.0,0.0,0.0,0.0,0.0,0.28,0.32,0.33,0.07,0.0,0.0,0.0,0.0,low,False,,heuristic fallback based on bio/caption topical language,heuristic fallback from comment help-seeking language,heuristic fallback based on caption specificity and length,"Relevance 0.00, audience intent 0.00, content depth 0.00, engagement quality 0.00. Median engagement rate 0.00% across 0 posts. Confidence low (0.00).",,,,0,0,0.0
18161367904020818,0,0,nano,0.0,0.0,0.0,0.0,0.0,0.0,0.0,0.28,0.32,0.33,0.07,0.0,0.0,0.0,0.0,low,False,,heuristic fallback based on bio/caption topical language,heuristic fallback from comment help-seeking language,heuristic fallback based on caption specificity and length,"Relevance 0.00, audience intent 0.00, content depth 0.00, engagement quality 0.00. Median engagement rate 0.00% across 0 posts. Confidence low (0.00).",,,,0,0,0.0
18179212348063211,0,0,nano,0.0,0.0,0.0,0.0,0.0,0.0,0.0,0.28,0.32,0.33,0.07,0.0,0.0,0.0,0.0,low,False,,heuristic fallback based on bio/caption topical language,heuristic fallback from comment help-seeking language,heuristic fallback based on caption specificity and length,"Relevance 0.00, audience intent 0.00, content depth 0.00, engagement quality 0.00. Median engagement rate 0.00% across 0 posts. Confidence low (0.00).",,,,0,0,0.0
18514383982032414,0,0,nano,0.0,0.0,0.0,0.0,0.0,0.0,0.0,0.28,0.32,0.33,0.07,0.0,0.0,0.0,0.0,low,False,,heuristic fallback based on bio/caption topical language,heuristic fallback from comment help-seeking language,heuristic fallback based on caption specificity and length,"Relevance 0.00, audience intent 0.00, content depth 0.00, engagement quality 0.00. Median engagement rate 0.00% across 0 posts. Confidence low (0.00).",,,,0,0,0.0
